Timestamp,IP Address,User Agent,HTTP Status,Bytes Sent
2023-12-23 12:33:28.710082,192.168.252.73,UserAgent-5863,404,8989
2023-03-14 07:00:28.710082,192.168.142.94,UserAgent-9655,200,4671
2024-02-01 01:24:11.710082,192.168.238.242,UserAgent-7686,200,2316
2023-04-16 19:58:21.710082,192.168.61.130,UserAgent-6243,500,9813
2024-02-11 16:13:27.710082,192.168.133.229,UserAgent-6416,200,8081
2023-07-01 08:43:59.710082,192.168.156.144,UserAgent-3904,404,929
2023-07-12 13:56:11.710082,192.168.190.45,UserAgent-2851,200,2709
2023-06-17 18:06:36.710082,192.168.42.159,UserAgent-3907,500,2934
2023-03-02 03:33:53.710082,192.168.203.85,UserAgent-6360,200,7955
2023-08-12 04:58:15.710082,192.168.206.168,UserAgent-7090,200,9166
2023-08-28 14:28:00.710082,192.168.181.5,UserAgent-9699,500,7709
2023-07-02 23:40:12.710082,192.168.46.60,UserAgent-9609,404,7166
2023-03-05 19:47:50.710082,192.168.31.163,UserAgent-7616,200,2908
2023-10-08 11:23:19.710082,192.168.66.22,UserAgent-7530,200,433
2023-06-06 03:05:36.710082,192.168.156.34,UserAgent-3585,500,9439
2023-11-10 14:50:35.710082,192.168.199.209,UserAgent-6046,200,5651
2023-12-28 17:38:01.710082,192.168.43.222,UserAgent-3349,500,2626
2023-11-13 16:01:16.710082,192.168.111.82,UserAgent-8245,500,4937
2023-04-29 09:28:24.710082,192.168.219.88,UserAgent-6159,200,750
2023-09-06 02:14:35.710082,192.168.31.183,UserAgent-9817,200,6819
2023-12-27 06:07:26.710082,192.168.69.119,UserAgent-9703,500,6140
2023-06-06 13:49:53.710082,192.168.253.0,UserAgent-1606,500,6805
2024-01-27 09:05:56.710082,192.168.104.252,UserAgent-5301,200,2813
2023-12-13 13:08:09.710082,192.168.125.11,UserAgent-3939,500,1406
2024-01-13 21:34:55.710082,192.168.68.220,UserAgent-9309,200,8040
2024-02-07 08:57:07.710082,192.168.140.104,UserAgent-4688,200,6594
2023-03-07 23:12:25.710082,192.168.234.44,UserAgent-9369,200,5130
2023-12-16 05:17:59.710082,192.168.95.19,UserAgent-6222,500,118
2023-10-14 03:34:12.710082,192.168.106.42,UserAgent-6103,200,7565
2023-08-06 08:27:06.710082,192.168.149.55,UserAgent-1300,404,3688
2023-06-10 00:10:05.710082,192.168.242.250,UserAgent-8243,200,6483
2023-08-15 02:38:43.710082,192.168.113.101,UserAgent-1439,404,8877
2023-03-14 09:46:55.710082,192.168.243.92,UserAgent-5296,500,5389
2023-10-07 19:19:40.710082,192.168.19.52,UserAgent-7066,200,5348
2023-07-25 05:15:50.710082,192.168.23.96,UserAgent-6157,500,7992
2023-10-18 09:41:47.710082,192.168.239.25,UserAgent-3945,404,7109
2023-10-23 11:05:59.710082,192.168.88.152,UserAgent-2604,404,2455
2023-09-12 06:05:00.710082,192.168.230.107,UserAgent-5734,500,8899
2023-09-27 10:10:52.710082,192.168.160.24,UserAgent-9935,404,7212
2023-09-19 04:39:24.710082,192.168.175.71,UserAgent-4855,500,5731
2023-04-25 21:54:51.710082,192.168.244.175,UserAgent-9108,404,8399
2023-09-22 16:17:24.710082,192.168.121.225,UserAgent-5002,200,758
2023-09-14 17:03:51.710082,192.168.114.160,UserAgent-5964,404,3604
2023-12-20 18:20:37.710082,192.168.181.190,UserAgent-9163,404,9311
2024-01-04 09:47:27.710082,192.168.130.114,UserAgent-4407,404,421
2023-06-30 23:33:44.710082,192.168.62.163,UserAgent-3979,404,3860
2024-01-05 16:35:10.710082,192.168.221.16,UserAgent-5251,500,7801
2023-10-12 00:21:14.710082,192.168.93.27,UserAgent-7237,500,1354
2024-01-05 13:15:56.710082,192.168.96.51,UserAgent-7555,500,4923
2023-10-18 12:09:13.710082,192.168.228.131,UserAgent-5740,500,5483
2023-03-12 23:34:32.710082,192.168.131.50,UserAgent-9584,200,2750
2023-03-17 22:21:22.710082,192.168.209.16,UserAgent-8213,200,4321
2023-10-23 02:13:58.710082,192.168.228.88,UserAgent-2988,500,2787
2023-07-27 06:39:43.710082,192.168.45.78,UserAgent-9419,200,803
2023-11-17 17:41:33.710082,192.168.42.66,UserAgent-5107,500,3116
2023-04-06 15:25:59.710082,192.168.245.187,UserAgent-7211,404,9641
2023-10-22 10:28:25.710082,192.168.113.15,UserAgent-6373,500,5674
2023-12-23 00:09:13.710082,192.168.78.101,UserAgent-2253,200,2781
2023-08-04 03:57:29.710082,192.168.172.231,UserAgent-8880,500,9852
2024-01-28 00:49:45.710082,192.168.124.69,UserAgent-2196,404,7893
2023-07-16 18:12:29.710082,192.168.97.140,UserAgent-5518,200,4700
2023-11-16 04:16:15.710082,192.168.57.218,UserAgent-7075,200,9836
2023-11-22 01:04:05.710082,192.168.69.240,UserAgent-2613,404,5466
2024-02-11 12:36:31.710082,192.168.92.147,UserAgent-4123,200,5668
2023-10-10 01:59:07.710082,192.168.173.240,UserAgent-8780,500,8361
2023-05-02 00:08:35.710082,192.168.100.208,UserAgent-7523,404,8845
2023-04-26 06:04:22.710082,192.168.18.207,UserAgent-1406,500,703
2023-05-17 16:54:40.710082,192.168.206.211,UserAgent-4129,404,5437
2023-03-02 13:07:44.710082,192.168.248.143,UserAgent-1689,404,7830
2023-07-09 04:05:29.710082,192.168.13.253,UserAgent-6184,200,2064
2023-03-27 20:49:31.710082,192.168.168.101,UserAgent-2971,500,6387
2023-11-06 19:08:38.710082,192.168.181.245,UserAgent-9213,200,1926
2023-09-18 04:33:40.710082,192.168.68.252,UserAgent-7932,500,8728
2023-05-12 18:31:07.710082,192.168.234.70,UserAgent-1027,500,377
2023-06-12 04:45:58.710082,192.168.135.83,UserAgent-2354,200,5855
2024-01-19 12:32:19.710082,192.168.24.188,UserAgent-2462,200,6114
2023-09-20 13:55:40.710082,192.168.21.36,UserAgent-5182,200,9797
2023-08-02 06:34:36.710082,192.168.133.39,UserAgent-4489,404,2846
2023-09-16 21:20:46.710082,192.168.128.229,UserAgent-5049,500,950
2023-09-18 14:03:21.710082,192.168.57.223,UserAgent-5616,404,8374
2024-02-14 11:44:06.710082,192.168.27.186,UserAgent-3482,404,9990
2023-10-17 10:04:04.710082,192.168.236.252,UserAgent-3286,500,356
2023-03-29 03:43:44.710082,192.168.240.62,UserAgent-3154,200,2504
2023-09-10 12:34:54.710082,192.168.0.91,UserAgent-1614,404,5443
2023-10-11 12:33:36.710082,192.168.250.21,UserAgent-4085,404,6301
2023-07-10 04:01:07.710082,192.168.67.57,UserAgent-1348,404,9712
2023-07-21 08:18:16.710082,192.168.39.203,UserAgent-8343,200,3311
2024-01-13 15:01:27.710082,192.168.77.105,UserAgent-6424,404,1432
2023-12-15 19:11:12.710082,192.168.195.212,UserAgent-5355,404,9001
2023-07-02 21:14:35.710082,192.168.116.222,UserAgent-6975,500,7751
2023-11-23 22:59:44.710082,192.168.199.193,UserAgent-8014,404,8702
2023-04-30 16:14:16.710082,192.168.171.18,UserAgent-1712,404,2793
2023-05-18 18:05:39.710082,192.168.199.216,UserAgent-6103,200,9795
2023-06-17 06:53:58.710082,192.168.249.184,UserAgent-3030,200,8661
2024-01-03 22:09:13.710082,192.168.28.173,UserAgent-4969,404,9702
2024-02-19 13:58:24.710082,192.168.133.120,UserAgent-5400,404,3293
2023-11-25 16:48:52.710082,192.168.112.224,UserAgent-1252,404,2283
2023-04-03 16:59:48.710082,192.168.222.227,UserAgent-1714,500,8521
2023-06-09 14:11:14.710082,192.168.2.205,UserAgent-9006,200,3685
2024-01-18 05:28:54.710082,192.168.31.101,UserAgent-8784,500,4162
2023-05-10 22:26:05.710082,192.168.185.167,UserAgent-9453,500,5498
2023-06-06 15:45:22.710082,192.168.211.202,UserAgent-5098,200,1473
2023-08-23 00:38:34.710082,192.168.111.190,UserAgent-9113,500,5789
2023-09-04 21:04:46.710082,192.168.155.154,UserAgent-6667,404,4374
2023-09-14 23:41:33.710082,192.168.130.146,UserAgent-1357,500,7438
2023-09-01 16:58:17.710082,192.168.165.117,UserAgent-5768,404,5782
2024-02-16 13:43:27.710082,192.168.124.77,UserAgent-4709,500,3695
2024-02-02 08:41:05.710082,192.168.199.78,UserAgent-8012,404,241
2023-08-01 09:35:43.710082,192.168.241.181,UserAgent-1805,200,5677
2024-02-10 09:29:13.710082,192.168.69.49,UserAgent-6574,500,171
2024-01-12 14:40:43.710082,192.168.135.211,UserAgent-7482,500,9928
2023-10-08 22:30:33.710082,192.168.65.215,UserAgent-8885,404,1076
2023-05-20 14:12:39.710082,192.168.215.12,UserAgent-7216,500,3025
2023-12-31 23:33:07.710082,192.168.112.38,UserAgent-6143,404,1351
2023-08-19 02:36:38.710082,192.168.131.192,UserAgent-7019,200,5416
2023-05-12 18:09:03.710082,192.168.198.20,UserAgent-5816,200,7274
2023-09-24 03:05:17.710082,192.168.159.172,UserAgent-9895,200,5195
2023-07-07 19:22:36.710082,192.168.155.53,UserAgent-6799,200,4090
2024-01-02 12:51:23.710082,192.168.93.114,UserAgent-4592,200,9915
2023-05-06 19:29:06.710082,192.168.115.255,UserAgent-7508,404,4283
2023-10-02 09:20:39.710082,192.168.23.28,UserAgent-9211,404,2368
2023-09-16 08:43:19.710082,192.168.136.146,UserAgent-9492,500,4802
2024-02-18 08:43:58.710082,192.168.225.93,UserAgent-9688,200,4447
2024-02-09 16:54:16.710082,192.168.187.46,UserAgent-9082,200,2807
2023-12-21 12:20:56.710082,192.168.95.113,UserAgent-7292,404,7804
2023-04-22 09:16:07.710082,192.168.62.22,UserAgent-3445,500,233
2023-05-02 15:20:22.710082,192.168.69.251,UserAgent-6663,200,9605
2024-02-07 05:11:51.710082,192.168.75.254,UserAgent-2381,404,3837
2023-12-10 07:03:18.710082,192.168.62.201,UserAgent-2611,200,4770
2023-09-05 14:12:31.710082,192.168.236.49,UserAgent-8856,200,7276
2023-12-02 13:28:36.710082,192.168.245.202,UserAgent-1185,500,6622
2023-11-03 04:10:25.710082,192.168.149.92,UserAgent-9723,200,8847
2023-03-24 16:52:53.710082,192.168.246.22,UserAgent-3177,404,8286
2023-07-15 00:12:12.710082,192.168.176.71,UserAgent-2218,500,2480
2024-02-09 17:09:50.710082,192.168.8.190,UserAgent-1203,200,6931
2023-06-10 06:15:08.710082,192.168.34.62,UserAgent-3056,200,6366
2023-05-23 03:23:52.710082,192.168.153.93,UserAgent-2920,404,1605
2023-09-28 19:04:11.710082,192.168.191.8,UserAgent-3697,404,8029
2023-05-20 20:56:31.710082,192.168.89.236,UserAgent-1087,404,2354
2023-10-04 06:00:59.710082,192.168.148.180,UserAgent-2740,200,1327
2023-10-03 18:03:21.710082,192.168.109.121,UserAgent-8572,200,6182
2023-03-24 02:12:39.710082,192.168.124.17,UserAgent-3030,404,945
2023-08-13 10:44:42.710082,192.168.160.247,UserAgent-5697,500,7584
2023-07-13 10:14:58.710082,192.168.176.226,UserAgent-4597,500,630
2023-12-05 01:41:42.710082,192.168.190.80,UserAgent-7065,200,8658
2023-03-21 19:32:46.710082,192.168.164.42,UserAgent-5697,404,8818
2024-02-19 12:14:43.710082,192.168.237.164,UserAgent-5891,200,3276
2023-11-21 12:00:07.710082,192.168.236.176,UserAgent-8443,404,9506
2023-08-24 01:06:06.710082,192.168.235.18,UserAgent-3564,200,2893
2024-01-26 16:51:17.710082,192.168.115.171,UserAgent-9352,500,2672
2023-08-24 14:50:26.710082,192.168.65.104,UserAgent-5519,200,4525
2023-05-22 19:54:14.710082,192.168.56.22,UserAgent-9262,200,8221
2023-09-30 18:02:14.710082,192.168.68.229,UserAgent-8851,200,6110
2023-08-28 10:51:05.710082,192.168.115.32,UserAgent-1014,200,6105
2023-05-28 22:55:39.710082,192.168.177.23,UserAgent-9347,200,8891
2024-01-10 03:19:05.710082,192.168.21.121,UserAgent-2880,500,2075
2023-06-05 13:14:49.710082,192.168.39.85,UserAgent-1986,500,4272
2023-11-18 00:31:48.710082,192.168.181.144,UserAgent-2561,500,2317
2023-07-14 23:20:39.710082,192.168.67.178,UserAgent-3717,404,9315
2023-10-01 21:10:18.710082,192.168.62.173,UserAgent-1691,500,6663
2023-07-31 03:59:35.710082,192.168.112.69,UserAgent-5791,404,6453
2023-05-13 10:48:51.710082,192.168.69.8,UserAgent-9597,200,2381
2023-05-08 10:13:43.710082,192.168.207.251,UserAgent-3303,404,5837
2023-05-24 19:49:54.710082,192.168.87.157,UserAgent-2802,404,5938
2023-03-27 00:49:36.710082,192.168.126.107,UserAgent-9531,404,6440
2023-07-09 14:50:45.710082,192.168.165.18,UserAgent-2830,200,1466
2023-06-09 05:53:00.710082,192.168.86.178,UserAgent-6031,200,3777
2024-02-17 10:12:51.710082,192.168.170.238,UserAgent-1956,404,6337
2023-11-18 12:24:42.710082,192.168.202.253,UserAgent-2536,500,9564
2024-02-19 09:06:50.710082,192.168.67.138,UserAgent-7240,404,611
2023-03-30 03:10:03.710082,192.168.70.28,UserAgent-2113,404,4500
2023-08-29 15:38:43.710082,192.168.163.178,UserAgent-4675,404,2825
2023-05-11 01:05:34.710082,192.168.130.80,UserAgent-9867,404,9836
2023-06-04 19:06:03.710082,192.168.135.140,UserAgent-3863,404,6539
2023-11-29 05:24:39.710082,192.168.128.108,UserAgent-1153,200,9644
2023-06-28 01:48:53.710082,192.168.219.250,UserAgent-5885,404,3739
2024-02-18 04:24:29.710082,192.168.87.200,UserAgent-2169,200,187
2023-10-24 20:38:02.710082,192.168.145.200,UserAgent-9967,500,847
2023-10-15 17:56:28.710082,192.168.23.225,UserAgent-2968,200,6586
2023-06-02 23:24:07.710082,192.168.251.254,UserAgent-9574,500,9695
2023-06-27 14:17:39.710082,192.168.60.221,UserAgent-7548,200,7616
2023-04-25 20:28:15.710082,192.168.13.195,UserAgent-6338,404,8533
2023-09-27 03:59:32.710082,192.168.197.215,UserAgent-8946,500,9573
2023-07-24 16:02:18.710082,192.168.7.133,UserAgent-7699,500,6917
2023-02-28 23:42:37.710082,192.168.26.135,UserAgent-7426,404,3222
2023-12-11 13:23:13.710082,192.168.97.242,UserAgent-2529,200,831
2023-10-20 21:10:23.710082,192.168.72.107,UserAgent-7959,200,6022
2023-03-04 11:51:51.710082,192.168.167.93,UserAgent-8168,404,5457
2024-01-12 15:40:53.710082,192.168.16.34,UserAgent-4349,500,9602
2023-06-14 22:45:13.710082,192.168.173.134,UserAgent-5117,200,4907
2023-11-30 18:31:43.710082,192.168.200.21,UserAgent-3026,200,3996
2023-05-27 10:31:01.710082,192.168.198.102,UserAgent-4147,404,661
2023-06-28 15:23:39.710082,192.168.34.83,UserAgent-2558,200,5223
2023-05-24 15:54:28.710082,192.168.101.113,UserAgent-5329,404,6698
2024-01-24 11:37:06.710082,192.168.204.3,UserAgent-4054,200,3336
2023-11-17 05:53:13.710082,192.168.133.121,UserAgent-8532,500,9651
2023-11-11 16:17:25.710082,192.168.22.187,UserAgent-4513,200,823
2023-08-28 11:35:39.710082,192.168.15.81,UserAgent-6271,200,6315
2023-06-17 02:41:11.710082,192.168.220.211,UserAgent-6712,200,3179
2023-04-18 02:53:02.710082,192.168.204.42,UserAgent-4807,404,7939
2023-05-27 00:44:01.710082,192.168.214.208,UserAgent-9480,200,2594
2023-08-26 08:53:14.710082,192.168.170.178,UserAgent-5739,500,8095
2023-07-01 12:53:44.710082,192.168.251.224,UserAgent-5235,404,9610
2023-10-15 15:35:57.710082,192.168.47.217,UserAgent-4637,500,674
2023-12-29 11:49:08.710082,192.168.177.244,UserAgent-8318,200,9382
2023-04-10 01:37:23.710082,192.168.20.248,UserAgent-1424,404,4565
2023-03-04 19:44:01.710082,192.168.89.0,UserAgent-2213,500,5843
2024-01-04 09:54:41.710082,192.168.70.4,UserAgent-8115,404,8297
2023-06-04 06:51:35.710082,192.168.16.235,UserAgent-6757,200,2932
2023-11-17 06:08:45.710082,192.168.150.205,UserAgent-6070,200,5180
2023-04-30 18:31:41.710082,192.168.119.34,UserAgent-4024,404,1896
2023-05-21 00:35:37.710082,192.168.167.79,UserAgent-9544,404,1584
2023-03-26 23:03:34.710082,192.168.231.49,UserAgent-9495,404,1063
2023-04-16 05:19:44.710082,192.168.222.89,UserAgent-2774,404,6859
2023-11-19 04:06:26.710082,192.168.195.58,UserAgent-7718,500,9745
2023-08-22 04:42:07.710082,192.168.19.134,UserAgent-3113,404,7268
2023-12-04 21:01:13.710082,192.168.10.97,UserAgent-7920,200,8953
2023-06-08 02:49:49.710082,192.168.22.151,UserAgent-5262,200,3570
2023-04-20 15:29:46.710082,192.168.87.252,UserAgent-3281,500,3129
2023-09-23 08:09:36.710082,192.168.195.226,UserAgent-7283,404,7651
2023-08-06 17:42:15.710082,192.168.62.48,UserAgent-7098,200,9421
2023-06-16 02:29:30.710082,192.168.49.62,UserAgent-9680,500,2715
2023-03-10 15:05:16.710082,192.168.8.109,UserAgent-7854,404,6635
2023-08-27 00:27:56.710082,192.168.40.137,UserAgent-8228,200,6025
2023-10-29 06:52:51.710082,192.168.129.34,UserAgent-8812,404,8383
2023-08-14 01:08:51.710082,192.168.113.204,UserAgent-4272,404,5181
2023-07-10 23:40:50.710082,192.168.238.106,UserAgent-9649,404,7268
2024-02-04 17:13:16.710082,192.168.35.254,UserAgent-1925,500,5112
2023-09-04 20:19:29.710082,192.168.1.171,UserAgent-8464,500,2351
2024-01-17 18:08:12.710082,192.168.117.10,UserAgent-2994,500,2313
2023-10-24 10:11:00.710082,192.168.190.217,UserAgent-7148,404,9102
2023-03-16 10:59:56.710082,192.168.241.148,UserAgent-2180,200,5145
2023-05-20 17:06:53.710082,192.168.0.183,UserAgent-6512,200,6854
2023-08-12 19:27:43.710082,192.168.47.116,UserAgent-9467,500,5634
2023-09-20 17:07:44.710082,192.168.30.104,UserAgent-8887,200,4752
2024-01-28 04:48:32.710082,192.168.130.31,UserAgent-2996,404,9703
2023-05-29 10:40:16.710082,192.168.212.128,UserAgent-3242,500,7940
2023-06-24 07:09:25.710082,192.168.157.247,UserAgent-8769,404,248
2023-07-14 02:54:14.710082,192.168.201.183,UserAgent-4691,404,6950
2023-10-22 04:33:17.710082,192.168.205.20,UserAgent-7256,404,6299
2024-01-24 17:43:24.710082,192.168.59.199,UserAgent-9432,200,3534
2023-12-08 02:03:58.710082,192.168.67.230,UserAgent-7678,200,4428
2023-12-07 22:09:50.710082,192.168.116.18,UserAgent-4633,200,5534
2023-09-04 03:31:20.710082,192.168.30.205,UserAgent-3666,500,7858
2023-03-18 09:51:31.710082,192.168.243.252,UserAgent-6461,404,7982
2024-01-01 21:44:51.710082,192.168.12.244,UserAgent-2155,200,5877
2023-05-02 05:56:22.710082,192.168.21.73,UserAgent-4459,500,1241
2023-10-31 17:13:28.710082,192.168.112.70,UserAgent-2390,404,724
2023-11-22 04:14:14.710082,192.168.102.28,UserAgent-9152,404,8222
2024-01-10 09:46:27.710082,192.168.235.118,UserAgent-5403,500,6827
2023-05-07 13:18:20.710082,192.168.173.16,UserAgent-2617,200,6631
2023-11-01 21:38:22.710082,192.168.179.225,UserAgent-4896,200,2512
2023-12-12 17:35:11.710082,192.168.75.73,UserAgent-4048,200,1741
2023-12-15 19:27:20.710082,192.168.76.34,UserAgent-7392,200,3127
2023-12-19 00:12:58.710082,192.168.132.71,UserAgent-4970,200,7101
2024-01-30 10:12:58.710082,192.168.94.29,UserAgent-7581,200,1402
2023-03-26 15:24:09.710082,192.168.161.102,UserAgent-1203,500,6392
2023-05-17 04:15:30.710082,192.168.98.183,UserAgent-6716,404,3910
2023-04-13 13:28:04.710082,192.168.113.226,UserAgent-5167,404,2417
2023-03-17 21:41:23.710082,192.168.236.28,UserAgent-8524,404,7886
2024-01-24 18:05:43.710082,192.168.168.125,UserAgent-9900,200,4036
2023-05-14 20:14:02.710082,192.168.235.234,UserAgent-4932,200,3176
2023-09-24 12:05:39.710082,192.168.119.54,UserAgent-3990,404,7873
2023-12-11 01:52:33.710082,192.168.119.243,UserAgent-8922,404,1412
2023-05-19 06:36:50.710082,192.168.71.137,UserAgent-3547,404,5752
2023-12-14 16:05:41.710082,192.168.76.227,UserAgent-2627,500,2326
2023-06-11 23:49:28.710082,192.168.234.24,UserAgent-7712,404,461
2023-12-24 20:58:57.710082,192.168.0.246,UserAgent-9149,404,8887
2023-04-03 21:56:08.710082,192.168.177.18,UserAgent-9040,500,2935
2023-08-02 07:45:33.710082,192.168.12.138,UserAgent-1916,404,114
2023-06-29 14:50:14.710082,192.168.236.31,UserAgent-2078,404,3248
2023-12-26 07:27:41.710082,192.168.158.214,UserAgent-7650,404,5374
2023-09-03 05:39:40.710082,192.168.72.12,UserAgent-1586,200,1016
2024-01-04 13:55:46.710082,192.168.28.163,UserAgent-8447,500,3048
2023-10-29 12:25:01.710082,192.168.70.47,UserAgent-9816,500,7866
2023-11-29 05:10:41.710082,192.168.177.208,UserAgent-4565,500,857
2023-07-16 07:11:27.710082,192.168.225.105,UserAgent-5255,500,987
2024-02-02 14:06:02.710082,192.168.146.79,UserAgent-1936,404,6177
2024-01-08 11:35:56.710082,192.168.243.55,UserAgent-8103,200,6306
2023-05-10 15:36:11.710082,192.168.4.248,UserAgent-3761,200,7085
2023-10-12 16:20:30.710082,192.168.9.86,UserAgent-2267,500,5190
2023-05-30 03:46:36.710082,192.168.51.244,UserAgent-6027,200,6841
2023-05-20 05:01:42.710082,192.168.176.16,UserAgent-9929,500,7449
2023-08-19 12:27:04.710082,192.168.24.239,UserAgent-4321,404,903
2023-07-10 17:24:41.710082,192.168.13.7,UserAgent-3511,500,9050
2023-08-04 14:24:10.710082,192.168.231.65,UserAgent-8867,500,4042
2023-11-14 12:14:54.710082,192.168.46.241,UserAgent-2856,404,8844
2024-01-12 00:16:16.710082,192.168.97.225,UserAgent-8763,500,2194
2023-03-22 11:38:29.710082,192.168.139.146,UserAgent-2656,404,8609
2024-02-28 14:36:53.710082,192.168.204.122,UserAgent-4022,404,4815
2024-02-13 18:47:15.710082,192.168.114.95,UserAgent-2261,200,9800
2023-03-05 14:04:19.710082,192.168.125.175,UserAgent-4224,404,7174
2024-01-30 00:09:47.710082,192.168.58.58,UserAgent-7826,200,1150
2023-10-28 19:10:52.710082,192.168.32.54,UserAgent-9573,404,5265
2023-04-27 03:33:51.710082,192.168.163.167,UserAgent-3641,200,2751
2023-03-04 10:37:25.710082,192.168.18.201,UserAgent-1479,500,4270
2024-01-29 02:36:03.710082,192.168.166.4,UserAgent-9396,200,6693
2023-06-23 07:26:26.710082,192.168.253.151,UserAgent-7728,200,3680
2023-12-20 00:25:09.710082,192.168.90.92,UserAgent-9311,500,7448
2023-06-29 20:38:46.710082,192.168.188.231,UserAgent-8705,200,5110
2023-09-05 04:39:03.710082,192.168.220.51,UserAgent-5638,500,4980
2023-04-29 21:55:13.710082,192.168.220.238,UserAgent-2586,200,711
2023-12-26 18:14:35.710082,192.168.114.237,UserAgent-7699,200,7769
2023-09-10 22:27:07.710082,192.168.30.194,UserAgent-8807,200,7257
2024-01-04 19:28:20.710082,192.168.133.84,UserAgent-2795,200,7515
2023-06-18 07:53:26.710082,192.168.135.44,UserAgent-5840,200,8360
2023-10-13 07:48:53.710082,192.168.140.114,UserAgent-8595,200,2893
2023-05-23 12:03:11.710082,192.168.38.121,UserAgent-9531,500,2150
2023-04-03 12:24:01.710082,192.168.240.119,UserAgent-6445,200,1528
2023-12-14 08:12:16.710082,192.168.199.105,UserAgent-6756,200,6932
2023-09-13 15:06:59.710082,192.168.39.58,UserAgent-9546,404,4288
2023-09-05 06:02:32.710082,192.168.63.221,UserAgent-6564,500,2101
2023-03-09 20:33:20.710082,192.168.114.147,UserAgent-3713,200,1843
2023-03-21 10:02:22.710082,192.168.149.66,UserAgent-7356,404,303
2023-10-12 09:31:46.710082,192.168.64.192,UserAgent-7158,404,8190
2023-09-28 03:36:34.710082,192.168.157.178,UserAgent-8007,404,193
2023-10-01 17:26:54.710082,192.168.179.40,UserAgent-3463,500,4160
2023-03-05 07:52:08.710082,192.168.115.63,UserAgent-7174,500,4663
2023-07-01 04:16:44.710082,192.168.154.158,UserAgent-4242,200,4320
2024-02-01 11:17:55.710082,192.168.46.214,UserAgent-4358,500,7333
2024-02-20 17:01:02.710082,192.168.160.17,UserAgent-2928,404,2703
2023-08-10 19:51:15.710082,192.168.55.127,UserAgent-3208,404,5645
2023-10-25 05:18:48.710082,192.168.102.69,UserAgent-3681,404,5313
2023-04-13 18:00:17.710082,192.168.172.0,UserAgent-1063,404,3609
2023-09-19 17:41:35.710082,192.168.195.254,UserAgent-2321,500,147
2023-07-04 20:48:31.710082,192.168.68.181,UserAgent-6420,200,8432
2023-07-16 18:42:30.710082,192.168.29.56,UserAgent-8938,404,5309
2024-01-11 20:38:26.710082,192.168.129.175,UserAgent-7874,404,943
2023-11-11 02:34:42.710082,192.168.97.60,UserAgent-5047,200,8413
2024-02-11 10:12:10.710082,192.168.40.167,UserAgent-4546,200,4080
2023-07-15 15:23:16.710082,192.168.255.140,UserAgent-1017,500,9351
2023-07-16 16:41:55.710082,192.168.192.47,UserAgent-7422,200,9448
2024-01-03 17:02:02.710082,192.168.209.234,UserAgent-6621,500,7063
2023-04-23 03:20:30.710082,192.168.112.40,UserAgent-1273,404,9614
2023-03-27 21:52:57.710082,192.168.5.167,UserAgent-3249,404,1143
2024-02-03 15:18:05.710082,192.168.113.178,UserAgent-3876,200,8236
2023-08-02 14:07:33.710082,192.168.132.51,UserAgent-3091,500,1429
2024-02-25 14:28:11.710082,192.168.3.232,UserAgent-6384,404,2422
2023-03-11 11:06:47.710082,192.168.177.113,UserAgent-9261,500,2775
2023-11-10 09:38:44.710082,192.168.109.74,UserAgent-5748,404,1086
2023-10-26 13:41:38.710082,192.168.244.95,UserAgent-4775,404,6320
2023-05-28 13:45:55.710082,192.168.231.28,UserAgent-7480,404,9178
2023-07-25 15:53:05.710082,192.168.195.145,UserAgent-5274,500,9504
2023-05-19 07:01:10.710082,192.168.38.225,UserAgent-3229,200,8582
2023-06-04 09:17:25.710082,192.168.102.113,UserAgent-6496,200,4354
2023-03-12 17:41:58.710082,192.168.124.140,UserAgent-3475,200,890
2023-05-15 08:39:15.710082,192.168.116.64,UserAgent-2744,404,3637
2023-06-07 22:01:13.710082,192.168.64.179,UserAgent-9041,200,2277
2024-01-26 22:25:35.710082,192.168.92.72,UserAgent-7679,404,3475
2024-02-16 15:38:05.710082,192.168.211.128,UserAgent-6368,500,7127
2023-04-21 07:14:54.710082,192.168.153.156,UserAgent-1879,500,6997
2023-11-20 23:40:08.710082,192.168.103.250,UserAgent-1840,404,5468
2023-10-14 09:56:09.710082,192.168.15.102,UserAgent-2085,200,1544
2023-03-22 20:36:18.710082,192.168.69.64,UserAgent-7571,200,361
2024-01-04 13:25:12.710082,192.168.9.210,UserAgent-2894,200,1352
2023-03-22 19:30:01.710082,192.168.137.66,UserAgent-2067,200,1321
2023-10-20 04:08:36.710082,192.168.29.47,UserAgent-9847,500,180
2023-11-20 07:30:31.710082,192.168.244.87,UserAgent-7204,404,7664
2023-03-11 07:38:46.710082,192.168.84.73,UserAgent-1297,500,893
2023-09-09 14:14:48.710082,192.168.146.195,UserAgent-1549,200,3426
2023-06-12 02:05:40.710082,192.168.231.2,UserAgent-7533,500,7241
2023-06-10 10:46:43.710082,192.168.139.129,UserAgent-9555,404,4601
2023-04-10 11:20:13.710082,192.168.29.215,UserAgent-8760,404,5278
2023-04-29 09:52:22.710082,192.168.242.70,UserAgent-5735,404,9041
2023-04-07 20:43:04.710082,192.168.133.142,UserAgent-7927,404,6535
2023-12-02 00:04:36.710082,192.168.108.47,UserAgent-4139,200,5241
2024-01-08 16:37:06.710082,192.168.247.37,UserAgent-6311,200,9923
2023-04-15 16:02:49.710082,192.168.34.250,UserAgent-2910,404,321
2023-03-05 00:20:34.710082,192.168.43.182,UserAgent-4355,500,4595
2023-10-19 22:33:58.710082,192.168.138.248,UserAgent-8019,500,7968
2024-02-23 06:52:50.710082,192.168.119.30,UserAgent-4079,404,5928
2024-01-11 04:53:43.710082,192.168.134.184,UserAgent-1508,500,2401
2023-10-08 09:05:21.710082,192.168.130.224,UserAgent-1444,404,5096
2023-05-13 23:31:31.710082,192.168.224.121,UserAgent-9318,404,893
2023-10-17 13:59:14.710082,192.168.190.226,UserAgent-8041,404,7064
2023-12-11 19:11:35.710082,192.168.75.95,UserAgent-5206,200,257
2023-10-04 20:11:02.710082,192.168.41.222,UserAgent-6258,404,202
2023-08-31 15:28:58.710082,192.168.130.145,UserAgent-6445,500,5487
2023-08-17 13:22:39.710082,192.168.62.167,UserAgent-3214,404,6131
2024-02-26 14:04:43.710082,192.168.12.147,UserAgent-7189,500,9342
2024-01-19 18:41:51.710082,192.168.34.76,UserAgent-9899,404,8928
2023-09-30 22:56:28.710082,192.168.101.197,UserAgent-5445,200,9314
2023-07-31 17:47:40.710082,192.168.249.50,UserAgent-6797,500,6582
2024-02-03 18:09:42.710082,192.168.55.105,UserAgent-4146,200,860
2023-03-30 16:28:08.710082,192.168.32.187,UserAgent-5262,404,7151
2023-09-28 07:04:57.710082,192.168.97.103,UserAgent-8863,200,9775
2023-08-21 20:53:51.710082,192.168.42.105,UserAgent-8604,404,8719
2023-08-01 13:57:59.710082,192.168.90.165,UserAgent-3503,200,3334
2023-07-01 00:19:27.710082,192.168.83.152,UserAgent-7448,500,5659
2023-07-08 12:30:06.710082,192.168.106.133,UserAgent-5646,200,8250
2023-11-08 17:56:28.710082,192.168.156.55,UserAgent-4649,404,3166
2023-10-26 20:05:16.710082,192.168.127.69,UserAgent-4049,200,3613
2023-05-01 23:55:53.710082,192.168.150.205,UserAgent-7244,200,538
2023-07-12 02:49:26.710082,192.168.10.148,UserAgent-3379,200,3243
2023-09-12 13:20:47.710082,192.168.217.154,UserAgent-5370,200,7840
2023-08-22 21:14:23.710082,192.168.125.67,UserAgent-3067,500,1588
2023-08-20 07:20:08.710082,192.168.151.84,UserAgent-4856,500,8978
2024-01-04 03:39:07.710082,192.168.32.167,UserAgent-2735,500,3855
2023-06-26 06:53:19.710082,192.168.92.15,UserAgent-1541,500,5746
2023-03-28 04:47:23.710082,192.168.148.51,UserAgent-9832,500,560
2023-11-05 14:01:57.710082,192.168.75.221,UserAgent-1378,404,459
2024-01-16 01:22:40.710082,192.168.252.226,UserAgent-4859,200,4172
2024-02-21 05:44:32.710082,192.168.158.158,UserAgent-1899,404,9125
2023-06-24 06:06:25.710082,192.168.241.82,UserAgent-6421,200,3929
2023-10-30 07:03:14.710082,192.168.56.89,UserAgent-7514,404,6527
2023-10-16 18:59:23.710082,192.168.195.158,UserAgent-9477,200,8997
2023-04-14 05:10:51.710082,192.168.16.22,UserAgent-7815,200,9640
2023-04-11 00:17:20.710082,192.168.240.165,UserAgent-4846,500,8037
2023-06-24 12:40:33.710082,192.168.102.61,UserAgent-1804,404,8028
2023-07-20 17:29:06.710082,192.168.158.241,UserAgent-9772,500,7264
2023-03-05 11:26:56.710082,192.168.176.53,UserAgent-4333,500,8277
2023-10-09 05:23:14.710082,192.168.130.12,UserAgent-2248,404,7302
2023-06-12 02:15:49.710082,192.168.172.127,UserAgent-1010,500,6631
2023-11-12 07:33:27.710082,192.168.224.222,UserAgent-5990,500,8561
2023-08-18 13:36:22.710082,192.168.238.8,UserAgent-7802,404,547
2024-02-14 06:45:28.710082,192.168.165.158,UserAgent-6899,200,4130
2023-04-28 20:15:17.710082,192.168.140.208,UserAgent-5915,404,9622
2023-07-25 15:16:05.710082,192.168.167.65,UserAgent-9251,404,6212
2023-11-08 20:36:38.710082,192.168.4.159,UserAgent-6510,200,9381
2024-02-20 22:05:06.710082,192.168.100.203,UserAgent-8513,500,7274
2024-01-13 18:13:34.710082,192.168.163.221,UserAgent-1752,200,2911
2023-09-20 17:31:55.710082,192.168.221.132,UserAgent-8507,500,4068
2023-03-10 08:07:28.710082,192.168.157.39,UserAgent-6848,404,5604
2023-06-11 14:26:02.710082,192.168.83.42,UserAgent-3266,404,4374
2023-06-18 10:31:07.710082,192.168.196.192,UserAgent-2887,500,2006
2023-10-19 14:21:26.710082,192.168.198.0,UserAgent-9437,500,9520
2023-11-23 01:24:17.710082,192.168.40.109,UserAgent-9459,200,8703
2023-11-28 23:14:36.710082,192.168.49.120,UserAgent-9770,200,5455
2023-12-21 10:28:31.710082,192.168.235.165,UserAgent-8649,500,8913
2023-08-25 22:21:09.710082,192.168.32.36,UserAgent-3989,404,2138
2023-07-29 16:24:53.710082,192.168.76.84,UserAgent-7135,500,7857
2023-06-22 22:22:18.710082,192.168.182.21,UserAgent-6987,200,2991
2023-12-04 16:40:56.710082,192.168.112.225,UserAgent-7683,500,4386
2024-01-04 01:23:30.710082,192.168.90.207,UserAgent-4212,200,6327
2023-07-04 22:10:16.710082,192.168.205.200,UserAgent-4789,500,7874
2023-11-30 19:45:24.710082,192.168.252.254,UserAgent-5292,200,1221
2023-10-04 06:45:16.710082,192.168.93.132,UserAgent-5848,500,5109
2023-11-28 02:24:53.710082,192.168.240.129,UserAgent-4264,500,7672
2023-05-14 10:44:59.710082,192.168.83.191,UserAgent-2944,404,4081
2023-03-28 19:42:53.710082,192.168.133.1,UserAgent-1210,200,6241
2023-11-28 19:55:46.710082,192.168.20.158,UserAgent-6880,200,3672
2023-03-25 13:40:19.710082,192.168.231.29,UserAgent-1066,200,2966
2023-04-22 17:13:53.710082,192.168.190.86,UserAgent-7206,404,9913
2023-03-27 12:49:23.710082,192.168.213.112,UserAgent-3606,500,4900
2023-03-05 08:06:44.710082,192.168.148.60,UserAgent-3258,500,6296
2023-06-06 13:48:46.710082,192.168.130.76,UserAgent-6831,200,8248
2023-07-04 03:50:57.710082,192.168.3.193,UserAgent-1149,500,2030
2023-03-24 10:10:42.710082,192.168.53.138,UserAgent-6427,200,8847
2024-01-13 03:04:17.710082,192.168.8.165,UserAgent-4932,200,3472
2024-01-16 17:07:01.710082,192.168.55.139,UserAgent-2515,200,9602
2023-07-31 23:13:38.710082,192.168.244.252,UserAgent-6277,404,8777
2023-04-12 17:12:27.710082,192.168.117.101,UserAgent-5363,500,1065
2024-02-22 19:34:27.710082,192.168.101.108,UserAgent-7309,404,5418
2023-03-07 00:22:38.710082,192.168.239.195,UserAgent-4465,200,4872
2024-02-12 05:58:44.710082,192.168.37.61,UserAgent-2223,200,9383
2023-11-27 04:42:01.710082,192.168.178.73,UserAgent-2170,404,1487
2023-03-04 23:22:56.710082,192.168.255.42,UserAgent-3898,500,9627
2023-09-05 21:11:45.710082,192.168.61.55,UserAgent-4936,404,341
2024-01-29 00:54:19.710082,192.168.0.131,UserAgent-2599,200,4310
2023-03-20 01:01:09.710082,192.168.39.72,UserAgent-1992,500,1543
2023-03-11 19:53:32.710082,192.168.26.5,UserAgent-9990,500,5559
2023-06-22 01:33:31.710082,192.168.133.206,UserAgent-6623,404,1604
2023-09-01 22:15:26.710082,192.168.98.35,UserAgent-6165,404,7003
2023-03-25 22:27:14.710082,192.168.171.83,UserAgent-4229,500,4011
2023-07-31 16:30:57.710082,192.168.8.231,UserAgent-5582,500,7547
2024-01-02 19:01:55.710082,192.168.47.225,UserAgent-3121,500,5333
2023-10-29 13:34:48.710082,192.168.233.2,UserAgent-4808,500,8385
2023-07-17 09:50:36.710082,192.168.15.136,UserAgent-9483,200,6763
2023-11-16 13:35:08.710082,192.168.90.252,UserAgent-8247,500,7346
2023-06-23 00:24:30.710082,192.168.22.104,UserAgent-8951,404,2663
2023-12-28 07:47:22.710082,192.168.12.107,UserAgent-3983,404,4708
2023-07-06 09:18:39.710082,192.168.186.58,UserAgent-4414,500,1221
2023-07-10 12:06:35.710082,192.168.153.225,UserAgent-1659,200,5585
2023-03-15 01:33:36.710082,192.168.128.149,UserAgent-4074,500,5280
2023-03-26 09:06:10.710082,192.168.44.234,UserAgent-8040,404,6436
2023-11-18 18:27:27.710082,192.168.224.99,UserAgent-2218,500,8284
2023-07-22 13:44:13.710082,192.168.239.24,UserAgent-6243,404,4904
2023-08-21 02:02:50.710082,192.168.218.246,UserAgent-6046,404,721
2024-02-28 00:25:03.710082,192.168.65.82,UserAgent-2418,500,2025
2023-05-23 10:25:48.710082,192.168.80.107,UserAgent-6098,200,5973
2023-11-19 12:58:56.710082,192.168.225.139,UserAgent-2995,404,7246
2023-08-21 15:16:29.710082,192.168.217.64,UserAgent-4976,500,2815
2023-11-24 17:44:41.710082,192.168.143.84,UserAgent-9489,200,2648
2024-02-03 07:01:45.710082,192.168.154.20,UserAgent-1214,200,5243
2023-08-25 01:34:19.710082,192.168.5.237,UserAgent-2697,500,6135
2024-01-03 19:18:37.710082,192.168.144.161,UserAgent-5402,200,2177
2024-02-12 21:39:19.710082,192.168.197.94,UserAgent-8120,404,6732
2023-08-01 03:05:49.710082,192.168.176.59,UserAgent-8999,500,7103
2023-06-02 05:51:55.710082,192.168.60.224,UserAgent-9975,200,9295
2023-12-18 10:40:24.710082,192.168.163.28,UserAgent-2440,200,7822
2023-12-29 10:53:12.710082,192.168.232.37,UserAgent-6390,404,8802
2023-08-10 08:45:20.710082,192.168.34.23,UserAgent-5686,404,8560
2023-06-02 15:32:04.710082,192.168.218.212,UserAgent-8347,500,8619
2023-11-15 06:32:17.710082,192.168.253.218,UserAgent-4125,500,1648
2023-11-10 23:19:42.710082,192.168.74.44,UserAgent-3883,500,4277
2023-09-11 11:34:56.710082,192.168.44.202,UserAgent-3806,500,4337
2023-03-25 14:46:23.710082,192.168.164.176,UserAgent-3640,404,1851
2023-11-29 09:36:14.710082,192.168.95.73,UserAgent-6434,500,4177
2023-07-15 04:32:54.710082,192.168.117.142,UserAgent-9310,500,5355
2023-11-15 04:40:00.710082,192.168.59.81,UserAgent-3459,500,3182
